City,Cloudiness,Country,Date,Humidity,Latitud,Longitud,Max Temp,Wind Speed
Abalak,37,NE,1563034373,25,15.46,6.28,36.08,3.61
Abbeville,40,FR,1563034375,68,50.11,1.83,23.33,4.1
Abnub,0,EG,1563034427,26,27.27,31.15,40.0,4.6
Abu Dhabi,0,AE,1563034103,56,24.47,54.37,36.0,5.7
Abu Samrah,0,SY,1563034337,37,35.3,37.18,29.48,9.4
Acapulco,90,MX,1563034423,74,16.86,-99.88,28.0,1.5
Adelaide,40,AU,1563034247,62,-34.93,138.6,12.0,5.7
Adrar,0,DZ,1563034297,4,27.87,-0.29,48.0,2.6
Aguie,13,NE,1563034382,28,13.51,7.78,34.78,2.02
Ahipara,100,NZ,1563034009,84,-35.17,173.16,16.58,13.55
Aiquile,0,BO,1563034347,54,-18.2,-65.18,16.08,1.35
Airai,55,TL,1563033963,83,-8.93,125.41,20.28,2.44
Aklavik,20,CA,1563034072,62,68.22,-135.01,14.0,3.1
Aksarka,100,RU,1563033777,58,66.56,67.8,18.78,4.69
Albany,40,US,1563033902,54,42.65,-73.75,27.22,3.1
Alghero,0,IT,1563034359,48,40.56,8.32,29.0,5.1
Alice Springs,0,AU,1563034331,70,-23.7,133.88,7.0,3.6
Alofi,55,NU,1563033976,94,-19.06,-169.92,21.0,5.7
Along,100,IN,1563034415,100,28.17,94.8,15.28,0.88
Altamira,75,BR,1563034223,79,-3.2,-52.21,29.0,2.6
Amapa,75,HN,1563034386,52,15.09,-87.97,32.78,1.26
Ambanja,88,MG,1563034126,74,-13.68,48.45,25.08,3.05
Ambon,0,FR,1563034347,53,47.55,-2.56,27.22,4.6
Ambovombe,0,MG,1563034401,62,-25.18,46.09,21.38,5.43
Ampanihy,0,MG,1563034395,69,-24.69,44.75,18.28,4.4
Ancud,40,CL,1563034075,93,-41.87,-73.83,9.0,6.2
Anse-Bertrand,0,GP,1563034351,94,16.47,-61.51,25.0,4.1
Araouane,0,ML,1563034418,13,18.9,-3.53,43.38,6.24
Arboledas,40,CO,1563034398,65,7.64,-72.8,27.0,8.2
Ardakan,40,IR,1563034388,12,32.31,54.02,40.0,1.0
Arnsberg,40,DE,1563034438,60,51.4,8.06,22.22,3.1
Arraial do Cabo,0,BR,1563033939,50,-22.97,-42.02,25.0,1.0
Arroyo,40,BO,1563034334,66,-11.08,-66.08,30.0,0.19
Asahikawa,63,JP,1563034354,95,43.76,142.37,15.28,1.26
Asosa,100,ET,1563034347,90,10.07,34.53,21.78,0.99
Atuona,8,PF,1563033940,79,-9.8,-139.03,26.28,5.49
Auki,93,NG,1563034377,40,12.18,6.51,32.08,3.73
Avarua,100,CK,1563033921,93,-21.21,-159.78,19.0,2.1
Avenal,1,US,1563034302,44,36.0,-120.13,31.11,5.1
Avera,1,US,1563033992,66,33.19,-82.53,32.0,5.7
Baculin,100,PH,1563034398,91,7.45,126.58,21.58,1.54
Bahadurganj,100,IN,1563034386,95,26.26,87.82,24.78,4.05
Bakchar,80,RU,1563034326,67,57.02,82.07,20.18,1.8
Bambous Virieux,75,MU,1563034008,56,-20.34,57.76,22.0,3.1
Bara,0,NG,1563034419,41,10.41,10.6,32.58,3.05
Barcelos,11,BR,1563034343,59,-0.97,-62.93,30.18,2.44
Barra do Garcas,0,BR,1563034333,36,-15.89,-52.26,33.0,1.0
Barreiras,0,BR,1563034420,23,-12.14,-45.0,31.38,2.52
Barrow,0,AR,1563033937,49,-38.31,-60.23,11.18,2.04
Batemans Bay,0,AU,1563034383,46,-35.71,150.18,10.0,1.79
Bathsheba,40,BB,1563034074,66,13.22,-59.52,31.0,8.7
Bati,100,ET,1563034336,38,11.19,40.02,27.78,2.63
Batouri,53,CM,1563034422,83,4.44,14.36,25.58,1.26
Batsfjord,97,NO,1563034030,83,70.63,29.72,7.18,3.71
Belaya Gora,96,RU,1563034362,65,68.54,146.19,13.98,6.0
Belyy Yar,0,RU,1563034375,82,53.6,91.39,19.0,1.0
Benguela,36,AO,1563034438,81,-12.58,13.4,21.38,3.83
Bereda,40,ES,1563034393,78,43.27,-7.54,22.0,2.6
Beringovskiy,95,RU,1563034344,71,63.05,179.32,16.48,1.03
Berlevag,100,NO,1563034026,83,70.86,29.09,6.98,3.26
Bethel,90,US,1563033943,93,60.79,-161.76,13.0,2.1
Bilma,2,NE,1563034042,16,18.69,12.92,38.98,2.21
Biloela,83,AU,1563034379,67,-24.4,150.51,10.48,5.2
Biltine,48,TD,1563034331,23,14.53,20.93,36.88,2.98
Bima,12,ID,1563034337,93,-8.45,118.73,17.28,0.68
Bintulu,75,MY,1563034412,94,3.17,113.03,24.0,3.1
Blankenberge,40,BE,1563034348,68,51.31,3.13,21.67,5.7
Bluff,96,AU,1563033934,64,-23.58,149.07,13.18,3.89
Bonavista,72,CA,1563034353,72,48.65,-53.11,13.08,4.13
Bongandanga,67,CD,1563034413,59,1.51,21.07,28.18,2.02
Bontang,93,ID,1563034397,98,0.12,117.47,22.18,1.05
Boueni,0,YT,1563034012,83,-12.9,45.08,25.0,5.1
Bredasdorp,10,ZA,1563033953,72,-34.53,20.04,17.0,4.1
Brekstad,75,NO,1563034379,66,63.69,9.67,16.11,5.1
Brigantine,1,US,1563034394,57,39.41,-74.36,30.0,1.5
Bronnoysund,100,NO,1563034066,87,65.46,12.2,12.0,2.6
Bubaque,33,GW,1563033828,81,11.28,-15.83,26.38,3.81
Bud,75,NO,1563034311,72,62.91,6.91,15.0,3.6
Buraydah,0,SA,1563034062,16,26.33,43.97,40.0,6.7
Busayra,0,JO,1563034415,19,30.74,35.61,35.18,6.48
Busselton,0,AU,1563033938,64,-33.64,115.35,7.22,7.42
Butaritari,83,KI,1563033944,70,3.07,172.79,28.58,5.35
Byron Bay,29,AU,1563034298,50,-28.65,153.62,14.0,5.7
Ca Mau,9,VN,1563034416,84,9.18,105.15,26.98,1.94
Cabedelo,75,BR,1563034423,69,-6.97,-34.84,28.0,3.1
Cabo San Lucas,5,MX,1563033953,65,22.89,-109.91,31.67,1.5
Cabra,0,ES,1563034095,33,37.47,-4.43,34.0,5.7
Calama,0,CL,1563034412,10,-22.46,-68.93,16.0,5.1
Camacha,40,PT,1563034071,78,33.08,-16.33,25.0,6.2
Camopi,20,GF,1563034407,50,3.17,-52.33,30.48,1.63
Campbell River,75,CA,1563034342,100,50.02,-125.24,18.0,1.0
Candido Mendes,77,BR,1563034429,77,-1.45,-45.72,27.68,2.86
Cap Malheureux,75,MU,1563034372,56,-19.98,57.61,22.0,3.1
Cape Town,0,ZA,1563033700,63,-33.93,18.42,17.0,3.6
Caravelas,2,BR,1563034318,61,-17.73,-39.27,25.38,2.25
Carbonia,0,IT,1563034345,34,39.17,8.53,34.0,8.7
Cardonal,75,CL,1563034407,87,-41.46,-72.99,9.0,5.1
Caribou,75,US,1563034385,64,46.86,-68.01,24.44,2.1
Carnarvon,0,ZA,1563034027,16,-30.97,22.13,19.18,5.02
Carroll,0,AU,1563034399,74,-30.99,150.44,3.33,2.1
Carutapera,88,BR,1563034328,90,-1.2,-46.02,26.58,3.36
Castro,40,CL,1563033627,93,-42.48,-73.76,9.0,6.2
Castro Verde,0,PT,1563034376,37,37.7,-8.08,29.0,4.6
Cayenne,32,GF,1563034061,66,4.94,-52.33,30.0,5.1
Cervo,0,BR,1563034425,40,-22.19,-46.24,23.0,1.47
Chapais,90,CA,1563034299,88,49.78,-74.86,18.0,2.6
Chara,20,GR,1563034357,51,39.42,22.43,30.0,6.2
Cherskiy,18,RU,1563034013,89,68.75,161.3,6.18,7.21
Chicama,90,PE,1563034355,88,-7.84,-79.15,18.0,3.1
Chifeng,100,CN,1563033784,75,42.27,118.96,17.08,1.88
Chita,53,RU,1563034425,77,52.03,113.5,17.0,2.0
Chokurdakh,67,RU,1563033929,65,70.62,147.9,8.38,2.24
Chunoyar,86,RU,1563034432,59,57.45,97.32,17.78,1.28
Chunskiy,92,RU,1563033977,65,56.08,99.63,16.18,0.75
Chuy,93,UY,1563033936,79,-33.69,-53.46,12.98,4.66
Cidreira,91,BR,1563033953,85,-30.17,-50.22,18.68,3.06
Clyde River,40,CA,1563033959,66,70.47,-68.59,12.0,5.7
Coahuayana,83,MX,1563034413,90,18.62,-100.35,23.48,0.37
Cockburn Town,0,TC,1563034065,77,21.46,-71.14,27.98,7.22
Codrington,18,AU,1563033940,43,-28.95,153.24,11.0,5.7
Coihaique,75,CL,1563034335,93,-45.58,-72.07,4.0,2.6
Colon,75,PH,1563034416,88,10.22,123.75,26.0,0.5
Conde,39,BR,1563034351,64,-11.81,-37.61,27.08,3.03
Constitucion,20,MX,1563033924,72,23.99,-104.67,21.11,1.5
Coquimbo,0,CL,1563033977,43,-29.95,-71.34,13.0,1.0
Coruripe,15,BR,1563034330,72,-10.12,-36.18,26.68,3.96
Creel,53,MX,1563034379,52,27.75,-107.63,20.38,1.09
Damara,40,CF,1563034394,62,4.96,18.7,31.0,2.1
Dannenberg,0,DE,1563034403,93,53.1,11.1,23.89,5.7
Darnah,0,LY,1563034340,77,32.77,22.64,25.78,6.3
Deputatskiy,100,RU,1563033998,92,69.3,139.9,9.78,0.91
Diffa,51,NE,1563033932,23,13.32,12.61,37.28,2.34
Dikson,77,RU,1563033967,93,73.51,80.55,0.58,2.47
Dingle,100,PH,1563034046,89,11.0,122.67,23.58,1.51
Dolores,0,UY,1563034392,81,-33.53,-58.22,13.28,3.37
Dongsheng,0,CN,1563034068,91,29.72,112.52,21.68,2.97
Dubti,99,ET,1563034426,30,11.74,41.09,33.28,11.81
Dunedin,100,NZ,1563033782,71,-45.87,170.5,10.56,7.15
Dzaoudzi,0,YT,1563034195,83,-12.79,45.27,25.0,5.1
East London,0,ZA,1563033643,77,-33.02,27.91,17.0,3.1
El Reno,1,US,1563034363,48,35.53,-97.96,30.0,3.1
Elmina,63,GH,1563034382,82,5.09,-1.35,24.78,6.08
Englewood,20,US,1563034187,38,39.65,-104.99,27.78,1.5
Esfarayen,40,IR,1563034373,36,37.08,57.51,33.0,6.2
Eskisehir,20,TR,1563034133,27,39.78,30.52,24.0,4.1
Esmeraldas,0,BR,1563034308,33,-19.76,-44.31,27.0,1.5
Eureka,90,US,1563034211,93,40.8,-124.16,15.56,1.5
Eydhafushi,60,MV,1563034422,75,5.1,73.07,28.78,3.09
Eyemouth,40,GB,1563034391,82,55.87,-2.09,18.89,2.1
Faanui,0,PF,1563033928,73,-16.48,-151.75,25.28,2.72
Fairbanks,75,US,1563033981,93,64.84,-147.72,16.11,1.1
Fare,2,PF,1563034387,81,-16.7,-151.02,24.78,2.14
Farmington,1,US,1563034338,33,36.73,-108.21,24.44,2.1
Faya,40,SA,1563033981,9,18.39,42.45,31.0,6.7
Feroke,75,IN,1563034425,78,11.18,75.83,28.0,5.24
Flin Flon,20,CA,1563034056,72,54.77,-101.88,20.0,1.5
Floro,0,NO,1563034424,63,61.6,5.03,20.0,11.3
Formosa do Rio Preto,0,BR,1563034404,28,-11.04,-45.19,30.38,3.85
Fuerte Olimpo,100,BR,1563034376,46,-21.04,-57.87,25.48,1.78
Fukue,75,JP,1563034375,88,35.03,136.69,21.0,4.6
Galveston,1,US,1563033978,57,40.58,-86.19,29.0,4.6
Garissa,58,KE,1563034406,42,-0.46,39.64,30.58,10.36
Garowe,82,SO,1563034343,34,8.41,48.48,31.48,9.95
Gat,0,SN,1563034340,51,14.69,-16.54,30.0,5.1
Georgetown,75,GY,1563033950,79,6.8,-58.16,31.0,7.2
Geraldton,75,CA,1563033968,63,49.72,-86.95,17.0,5.7
Gladstone,100,AU,1563034402,41,-23.84,151.26,16.0,2.1
Goderich,64,CA,1563033975,64,43.74,-81.71,26.11,6.26
Gondanglegi,9,ID,1563034396,92,-7.75,112.01,18.98,3.0
Goundam,0,ML,1563034312,29,16.42,-3.66,37.28,9.01
Great Falls,1,US,1563034243,53,47.5,-111.29,25.56,2.1
Great Yarmouth,75,GB,1563034277,72,52.61,1.73,21.67,3.6
Gritsovskiy,34,RU,1563034371,72,54.14,38.16,16.88,2.65
Gua Musang,94,MY,1563034431,93,4.88,101.97,18.68,1.31
Guarapari,0,BR,1563034300,51,-20.67,-40.5,28.33,2.6
Gubkinskiy,83,RU,1563034173,48,64.43,76.5,19.38,2.24
Guerrero Negro,0,MX,1563033982,90,27.97,-114.04,19.08,4.01
Gushikawa,20,JP,1563033983,83,26.35,127.87,29.0,7.7
Half Moon Bay,90,US,1563033929,100,37.46,-122.43,20.56,2.1
Halifax,90,CA,1563034353,77,44.65,-63.58,22.22,3.6
Halvad,99,IN,1563034140,56,23.02,71.18,31.68,9.26
Hambantota,0,LK,1563034405,94,6.12,81.12,27.0,3.6
Hami,24,CN,1563034040,27,42.84,93.51,27.88,3.69
Hamilton,40,CA,1563033863,69,43.26,-79.87,28.89,6.7
Harda,99,IN,1563034414,62,22.34,77.09,29.98,4.2
Harper,1,US,1563034301,51,30.3,-99.24,30.0,4.1
Hasaki,90,JP,1563034047,100,35.73,140.83,22.22,2.1
Havelock,40,US,1563033861,59,34.88,-76.9,34.44,2.1
Havoysund,8,NO,1563034060,76,71.0,24.66,9.0,8.2
Hay River,40,CA,1563034315,63,60.82,-115.79,16.0,4.1
Hengshui,55,CN,1563034417,56,37.73,115.7,26.88,1.43
Henties Bay,0,NA,1563034015,93,-22.12,14.28,12.22,6.45
Herat,0,AF,1563034432,13,34.35,62.22,36.0,4.1
Hermanus,0,ZA,1563033930,86,-34.42,19.24,15.56,1.79
High Level,90,CA,1563034266,76,58.52,-117.13,12.0,2.6
Hilo,1,US,1563033935,68,19.71,-155.08,20.0,3.1
Hirara,97,JP,1563033976,80,24.8,125.28,29.08,9.93
Hithadhoo,2,MV,1563033961,77,-0.6,73.08,29.18,5.89
Hobart,20,AU,1563033836,95,-42.88,147.33,6.67,4.6
Hobyo,17,SO,1563034316,64,5.35,48.53,27.38,13.47
Hofn,99,IS,1563033945,93,64.25,-15.21,6.88,2.23
Honiara,20,SB,1563034342,94,-9.43,159.96,24.0,2.2
Honningsvag,68,NO,1563034335,81,70.98,25.97,6.98,3.91
Horsham,1,AU,1563034407,94,-36.71,142.2,2.78,3.18
Hovd,40,NO,1563034317,63,63.83,10.7,16.11,5.7
Huai Yot,29,TH,1563034393,95,7.79,99.63,23.98,0.98
Hualmay,100,PE,1563033935,82,-11.1,-77.61,16.78,4.81
Huinan,76,CN,1563034380,84,42.68,126.04,17.68,0.98
Humaita,75,AR,1563034426,77,-24.93,-65.37,17.0,2.1
Husavik,0,CA,1563034019,51,50.56,-96.99,24.44,1.34
Iguape,1,BR,1563034437,48,-24.7,-47.56,26.68,0.79
Ilam,0,IR,1563034376,18,33.64,46.42,32.0,5.1
Ilo,90,PE,1563034331,82,-17.65,-71.34,17.0,2.1
Ilulissat,40,GL,1563033955,57,69.22,-51.1,11.0,2.1
Imeni Poliny Osipenko,100,RU,1563034324,82,52.42,136.49,15.98,2.15
Impfondo,100,CD,1563034368,52,1.62,18.06,30.88,0.56
Inhambane,0,MZ,1563034388,69,-23.87,35.38,21.58,3.26
Ippy,59,CF,1563034433,71,6.26,21.2,27.38,0.67
Iqaluit,40,CA,1563033946,76,63.75,-68.52,11.0,3.1
Iralaya,40,HN,1563034362,74,15.0,-83.23,30.0,2.6
Isangel,20,VU,1563033696,73,-19.55,169.27,22.0,5.1
Isiro,78,CD,1563034320,93,2.77,27.62,24.48,0.48
Iskateley,100,RU,1563034316,56,67.68,53.15,20.28,0.89
Itarema,62,BR,1563034044,63,-2.92,-39.92,29.28,5.78
Ivankiv,0,UA,1563034309,37,50.93,29.9,22.0,0.68
Ixtapa,40,MX,1563034000,83,20.71,-105.21,31.11,2.1
Izumo,90,JP,1563034327,88,35.37,132.75,22.0,5.39
Jablah,40,SY,1563034372,54,35.36,35.93,28.0,4.1
Jamestown,0,AU,1563033931,92,-33.21,138.6,4.38,0.7
Janauba,85,BR,1563034363,88,-1.63,-45.47,27.08,2.96
Jhang,40,PK,1563034393,74,33.67,72.7,28.89,2.6
Jizan,99,SA,1563034372,59,16.89,42.56,35.0,7.2
Juneau,90,US,1563034284,93,58.3,-134.42,14.44,0.4
Kagadi,100,UG,1563034385,67,0.95,30.8,24.68,1.18
Kaili,94,ID,1563034360,94,-3.46,120.21,14.88,1.33
Kaitangata,100,NZ,1563033942,79,-46.28,169.85,10.0,1.34
Kaka,0,TM,1563034075,9,37.35,59.62,40.58,2.2
Kalanguy,100,RU,1563034344,80,51.01,116.52,16.48,1.42
Kapaa,75,US,1563033920,74,22.08,-159.32,27.0,7.2
Karratha,0,AU,1563034064,20,-20.74,116.85,20.38,5.48
Kasongo-Lunda,28,CD,1563034325,27,-6.48,16.82,31.68,1.69
Katsuura,75,JP,1563033962,94,33.93,134.5,22.0,1.5
Kavaratti,60,IN,1563033975,76,10.57,72.64,28.58,5.33
Kavieng,89,PG,1563033939,82,-2.57,150.8,27.78,5.7
Keetmanshoop,0,NA,1563034299,9,-26.57,18.15,28.0,5.7
Kelvington,6,CA,1563034370,76,52.16,-103.52,19.48,3.59
Kemin,100,KG,1563034319,28,42.79,75.7,20.08,3.93
Kendari,12,ID,1563034332,95,-3.99,122.52,20.88,0.84
Keti Bandar,100,PK,1563034431,80,24.14,67.45,29.08,11.35
Khandyga,32,RU,1563034019,68,62.65,135.58,18.18,1.87
Khatanga,23,RU,1563033957,62,71.98,102.47,12.58,1.77
Khuzhir,89,RU,1563034404,66,53.19,107.35,12.58,0.75
Kidal,33,ML,1563034424,23,18.44,1.41,38.48,4.72
Kieta,100,PG,1563033951,77,-6.22,155.63,26.78,2.42
Kinshasa,40,CD,1563034369,54,-4.32,15.31,29.0,2.1
Kirakira,75,SB,1563034365,85,-10.46,161.92,25.68,2.2
Kiunga,100,PG,1563034409,98,-6.12,141.3,20.48,1.5
Klaksvik,70,FO,1563033965,93,62.23,-6.59,12.0,5.7
Kloulklubed,90,PW,1563034291,88,7.04,134.26,26.0,4.6
Kochki,0,RU,1563034339,81,54.33,80.49,19.48,3.06
Kodiak,1,US,1563034005,27,39.95,-94.76,30.0,3.1
Kolokani,0,ML,1563034380,39,13.58,-8.03,34.58,1.74
Komsomolskiy,100,RU,1563033993,59,67.55,63.78,18.68,5.05
Kondinskoye,37,RU,1563034357,57,59.65,67.41,27.58,5.5
Koumac,97,NC,1563034389,72,-20.56,164.28,22.18,2.23
Kouroussa,77,GN,1563034355,72,10.65,-9.88,28.48,1.35
Kudahuvadhoo,43,MV,1563033778,77,2.67,72.89,28.88,4.62
Kumhari,100,IN,1563034410,53,21.25,81.52,31.98,4.99
Kununurra,11,AU,1563034007,21,-15.77,128.74,22.0,3.6
Kyaikkami,100,MM,1563034314,79,16.08,97.57,27.88,4.36
La Gomera,40,GT,1563034406,55,14.09,-91.05,32.0,2.1
La Peca,59,PE,1563034410,85,-5.61,-78.44,21.48,0.52
La Rioja,65,AR,1563033960,73,-29.41,-66.86,10.68,1.9
La Ronge,75,CA,1563034307,82,55.1,-105.3,17.0,3.1
Labuhan,71,ID,1563033965,92,-2.54,115.51,21.78,0.94
Laela,32,TZ,1563034368,33,-8.57,32.05,24.38,2.3
Laguna,40,BZ,1563033948,70,16.17,-88.94,31.0,3.1
Lakhtar,70,IN,1563034294,54,22.86,71.79,31.78,7.2
Lanzhou,0,CN,1563034372,63,36.06,103.82,18.0,2.0
Lasa,20,CY,1563033676,69,34.92,32.53,28.0,6.7
Lata,79,IN,1563034309,92,30.78,78.62,6.68,2.4
Lavrentiya,1,RU,1563033977,63,65.58,-170.99,12.58,2.81
Lebu,100,ET,1563033970,83,8.96,38.73,16.38,1.28
Leh,32,IN,1563034399,44,34.16,77.58,9.08,1.21
Leland,1,US,1563034321,62,41.61,-88.8,31.11,6.7
Leningradskiy,81,RU,1563033935,91,69.38,178.42,4.78,4.17
Leshukonskoye,51,RU,1563034422,35,64.9,45.76,19.58,0.9
Libenge,72,CD,1563034411,55,3.65,18.64,30.48,2.08
Limon,1,US,1563034428,44,39.26,-103.69,31.67,3.1
Lithakia,20,GR,1563034326,58,37.72,20.83,29.0,5.1
Lloydminster,75,CA,1563034364,88,53.28,-110.01,17.0,1.5
Lompoc,90,US,1563033964,100,34.64,-120.46,20.0,1.5
Longyearbyen,75,NO,1563033966,86,78.22,15.63,5.0,5.7
Lorengau,98,PG,1563033930,82,-2.02,147.27,26.08,5.55
Los Llanos de Aridane,20,ES,1563033970,69,28.66,-17.92,25.0,6.7
Luang Prabang,100,LA,1563034344,99,19.89,102.14,21.18,1.03
Luderitz,0,NA,1563033966,63,-26.65,15.16,18.0,4.6
Lumeje,0,AO,1563034381,17,-11.56,20.78,27.88,1.39
Luziania,0,BR,1563034361,30,-16.25,-47.95,27.78,3.1
Mabaruma,97,GY,1563034389,79,8.2,-59.78,28.18,1.81
Maceio,90,BR,1563034391,78,-9.67,-35.74,25.0,5.1
Magadan,0,RU,1563034402,75,59.56,150.8,12.08,0.73
Mahajanga,40,MG,1563034332,48,-15.72,46.32,28.0,1.0
Mahebourg,75,MU,1563033922,56,-20.41,57.7,22.0,3.1
Mahibadhoo,68,MV,1563034017,77,3.78,72.97,28.78,4.49
Makinsk,0,KZ,1563034335,61,52.63,70.42,21.38,4.19
Malazgirt,20,TR,1563034436,18,39.15,42.54,27.0,8.2
Manavalakurichi,75,IN,1563034378,83,8.13,77.3,28.0,2.1
Mandalgovi,0,MN,1563033989,42,45.76,106.27,21.88,4.55
Mangan,100,IN,1563034384,94,27.5,88.54,14.48,0.19
Mangochi,0,MW,1563034385,36,-14.48,35.26,22.68,2.37
Maniitsoq,100,GL,1563034357,92,65.42,-52.9,5.98,6.47
Manokwari,100,ID,1563034057,62,-0.87,134.08,22.38,2.81
Mar del Plata,100,AR,1563033977,63,-46.43,-67.52,7.68,4.51
Maragogi,21,BR,1563034219,74,-9.01,-35.22,26.38,3.79
Marawi,100,PH,1563034387,96,8.0,124.29,23.89,1.34
Mareeba,0,AU,1563033924,82,-16.99,145.42,16.0,1.0
Margate,20,AU,1563034063,95,-43.03,147.26,6.67,4.6
Marsh Harbour,0,BS,1563033922,73,26.54,-77.06,28.78,3.88
Marzuq,98,YE,1563034076,20,14.4,46.47,33.28,2.6
Masindi,100,UG,1563034360,88,1.69,31.72,21.18,1.88
Matagami,78,NG,1563033995,69,9.67,8.4,26.28,1.99
Mataura,100,NZ,1563033928,97,-46.19,168.86,7.78,0.89
Mayo,90,CA,1563034378,87,63.59,-135.9,14.0,1.0
Mayor Pablo Lagerenza,58,PY,1563034370,41,-19.93,-60.77,29.68,0.61
Mazagao,40,BR,1563034040,83,-0.12,-51.29,29.0,3.1
Mehamn,100,NO,1563033988,79,71.03,27.85,6.78,3.56
Metro,18,ID,1563034335,89,-5.11,105.31,22.68,2.13
Meulaboh,97,ID,1563034009,76,4.14,96.13,28.68,3.36
Minab,0,IR,1563034402,75,27.15,57.07,34.0,5.1
Mingaora,40,PK,1563034397,80,34.78,72.36,23.08,0.76
Mirnyy,97,RU,1563034293,64,56.57,36.46,17.48,2.37
Mitsamiouli,20,KM,1563033996,74,-11.38,43.28,27.0,3.6
Mnogovershinnyy,100,RU,1563034382,92,53.94,139.92,9.18,0.97
Mogadishu,74,SO,1563034411,76,2.04,45.34,25.98,8.1
Moranbah,99,AU,1563034303,60,-22.0,148.04,14.28,4.0
Moroni,20,GR,1563034332,65,35.09,24.92,27.78,2.1
Moroto,100,UG,1563034343,66,2.53,34.66,23.58,3.18
Motala,100,IN,1563034433,71,20.68,76.21,27.18,4.54
Mount Gambier,90,AU,1563033712,87,-37.83,140.78,9.0,6.2
Muroto,100,JP,1563034062,97,33.37,134.14,23.38,6.87
Nabire,100,ID,1563034419,97,-3.36,135.5,19.08,1.86
Nadvoitsy,100,RU,1563034369,94,63.89,34.27,8.58,2.94
Namatanai,53,PG,1563034384,80,-3.66,152.44,25.68,2.92
Namibe,89,AO,1563034008,84,-15.19,12.15,19.18,3.71
Nanortalik,3,GL,1563034000,77,60.14,-45.24,7.68,3.31
Nara,90,JP,1563034248,94,34.68,135.8,22.0,4.1
Narsaq,20,GL,1563034384,51,60.91,-46.05,16.0,3.6
Naryan-Mar,100,RU,1563034322,56,67.67,53.09,20.28,0.89
Naze,90,NG,1563033992,78,5.43,7.07,27.38,2.6
Necochea,29,AR,1563034079,85,-38.55,-58.74,10.56,1.79
Nelson Bay,0,AU,1563034313,60,-32.72,152.14,10.0,7.2
New Norfolk,20,AU,1563033949,95,-42.78,147.06,6.67,4.6
Nhulunbuy,86,AU,1563034387,83,-12.18,136.78,22.0,3.6
Nikolskoye,40,RU,1563033943,55,59.7,30.79,16.0,2.0
Nizwa,77,OM,1563034352,14,22.93,57.53,34.58,3.53
Nome,90,US,1563034055,88,30.04,-94.42,30.0,3.1
Norman Wells,40,CA,1563033683,66,65.28,-126.83,13.0,1.5
Norrtalje,20,SE,1563034394,55,59.76,18.7,20.56,3.6
Northam,0,AU,1563034419,66,-31.65,116.67,12.0,3.6
Nosy Varika,0,MG,1563034405,74,-20.58,48.53,19.58,1.63
Nouadhibou,0,MR,1563033963,61,20.93,-17.03,26.0,8.2
Nouakchott,0,MR,1563034223,66,18.08,-15.98,29.0,6.7
Novobirilyussy,1,RU,1563034384,59,56.95,90.69,18.28,1.67
Nuevo Progreso,1,US,1563034356,55,26.05,-97.95,35.0,3.1
Oga,75,IT,1563034415,35,46.46,10.35,16.67,1.5
Olga,5,US,1563033936,53,34.11,-118.17,26.67,1.35
Olkhovka,57,RU,1563034323,61,53.21,60.61,26.98,2.91
Oranjemund,0,ZA,1563034014,91,-28.55,16.43,12.98,6.27
Ordzhonikidze,80,UA,1563034236,55,44.96,35.36,21.38,1.88
Orlik,0,PL,1563034348,67,53.95,17.74,20.56,4.6
Otjimbingwe,0,NA,1563034383,9,-22.35,16.13,27.58,2.23
Oyama,90,JP,1563034354,94,36.31,139.8,25.56,2.1
Paamiut,100,GL,1563033970,94,61.99,-49.67,5.58,0.95
Pacific Grove,90,US,1563034028,93,36.62,-121.92,18.89,5.12
Palmer,40,AU,1563033936,62,-34.85,139.16,12.0,5.7
Palu,97,ID,1563034430,87,-0.9,119.87,23.48,1.9
Pangnirtung,90,CA,1563034036,100,66.15,-65.72,8.0,1.5
Parabel,54,RU,1563034437,89,58.71,81.5,20.68,3.65
Pareora,100,NZ,1563034371,97,-44.49,171.21,10.0,2.24
Pascagoula,90,US,1563034426,88,30.37,-88.56,25.0,2.1
Pasni,47,PK,1563034399,77,25.26,63.48,27.98,6.19
Pedernales,100,EC,1563034341,82,0.07,-80.05,23.58,6.11
Peterhead,40,AU,1563034400,62,-34.83,138.5,12.0,5.7
Pevek,93,RU,1563033924,96,69.7,170.27,3.08,1.67
Pimentel,26,BR,1563034405,81,-3.7,-45.5,27.28,2.88
Pisco,90,PE,1563033975,30,-13.71,-76.2,22.0,3.1
Pochutla,75,MX,1563034056,83,15.74,-96.47,27.22,0.64
Ponta do Sol,0,BR,1563033927,38,-20.63,-46.0,25.78,0.58
Pontes e Lacerda,41,BR,1563034356,30,-15.23,-59.33,32.88,1.6
Port Alfred,0,ZA,1563033633,91,-33.59,26.89,15.0,1.34
Port Augusta,0,AU,1563034380,93,-32.49,137.76,5.0,3.6
Port Blair,100,IN,1563033989,79,11.67,92.75,28.58,6.99
Port Dover,32,CA,1563034314,74,42.79,-80.2,27.78,0.45
Port Elizabeth,1,US,1563033991,58,39.31,-74.98,30.0,3.6
Port Hawkesbury,90,CA,1563034412,88,45.62,-61.36,17.78,8.2
Port Hedland,0,AU,1563034051,23,-20.31,118.58,18.0,4.6
Port Lincoln,74,AU,1563034065,72,-34.72,135.86,12.88,8.17
Port Macquarie,0,AU,1563034360,45,-31.43,152.91,10.56,3.1
Port Shepstone,0,ZA,1563034345,72,-30.74,30.45,17.28,1.92
Port-Gentil,20,GA,1563033907,69,-0.72,8.78,28.0,5.1
Portland,40,US,1563034417,54,43.66,-70.25,28.33,2.6
Porto Belo,0,BR,1563034418,57,-27.15,-48.54,25.56,3.6
Porto Nacional,0,BR,1563034312,26,-10.7,-48.41,33.0,4.6
Poum,75,MK,1563034041,56,41.28,20.71,23.0,3.1
Praia,0,BR,1563034352,32,-20.25,-43.81,27.0,2.1
Praia da Vitoria,20,PT,1563034016,65,38.73,-27.07,27.0,5.74
Praya,20,ID,1563034432,94,-8.71,116.27,20.0,1.5
Preobrazheniye,95,RU,1563034377,98,42.9,133.91,14.78,0.72
Presidencia Roque Saenz Pena,96,AR,1563034358,88,-26.79,-60.44,18.58,2.38
Prince Rupert,90,CA,1563034313,93,54.32,-130.32,15.0,1.5
Provideniya,35,RU,1563033974,67,64.42,-173.23,14.38,1.41
Psedakh,75,RU,1563034341,68,43.47,44.57,21.0,1.0
Puerto Ayora,40,EC,1563033950,69,-0.74,-90.35,24.0,3.6
Puerto Escondido,90,MX,1563034334,74,15.86,-97.07,26.0,3.6
Puerto Madryn,100,AR,1563034358,47,-42.77,-65.04,11.68,8.69
Puerto Narino,40,CO,1563034408,74,-3.77,-70.38,30.0,2.1
Punta Arenas,75,CL,1563033922,93,-53.16,-70.91,5.0,5.1
Qaanaaq,5,GL,1563033954,54,77.48,-69.36,8.58,5.25
Quatre Cocos,75,MU,1563033713,56,-20.21,57.76,22.0,3.1
Rafraf,0,TN,1563034383,32,37.19,10.18,35.0,6.2
Rawson,100,AR,1563034043,49,-43.3,-65.11,10.28,8.42
Revelstoke,1,CA,1563034366,87,50.99,-118.19,16.0,0.81
Ribeira Grande,40,PT,1563033929,88,38.52,-28.7,24.0,5.7
Ribnica,40,SI,1563034408,53,45.74,14.73,22.78,3.1
Rikitea,27,PF,1563033632,84,-23.12,-134.97,23.58,6.14
Rincon,20,PA,1563034297,70,8.46,-82.28,29.0,1.0
Roald,75,NO,1563034331,71,62.58,6.12,15.56,5.1
Rocha,49,UY,1563034034,81,-34.48,-54.34,12.38,4.78
Rodrigues Alves,90,BR,1563034353,83,-7.74,-72.65,27.0,1.0
Rognan,75,NO,1563034395,87,67.1,15.4,13.89,2.6
Sabang,100,PH,1563034043,95,13.8,121.11,23.28,0.54
Saint Anthony,20,US,1563034004,63,43.97,-111.68,23.89,1.5
Saint George,20,GR,1563033947,51,39.45,22.34,30.0,6.2
Saint Stephen,75,US,1563034430,73,45.7,-94.27,26.67,2.1
Saint-Augustin,20,CA,1563034428,73,45.63,-73.98,26.11,6.2
Saint-Francois,0,FR,1563033986,32,46.42,3.91,27.0,3.1
Saint-Georges,32,CA,1563034361,58,46.12,-70.67,24.44,1.79
Saint-Joseph,0,FR,1563034060,66,43.56,6.97,36.0,2.6
Saint-Leu,90,RE,1563034369,60,-21.15,55.28,22.0,4.6
Saint-Paul-les-Dax,2,FR,1563034338,58,43.73,-1.05,29.44,3.6
Saint-Philippe,1,CA,1563033940,65,45.36,-73.48,27.22,4.1
Saldanha,34,PT,1563033971,36,41.42,-6.55,28.78,8.99
Salina Cruz,100,MX,1563034306,78,16.18,-95.2,26.98,1.31
Salinas,90,US,1563034176,93,36.67,-121.66,21.67,1.03
San Andres,98,PH,1563034365,89,13.32,122.68,24.48,0.44
San Cristobal,100,HN,1563034018,54,14.68,-86.92,24.88,3.32
San Jose,1,HN,1563033992,51,14.25,-87.96,29.0,2.6
San Luis,0,AR,1563034305,49,-33.3,-66.34,14.18,2.03
San Patricio,100,PY,1563033979,77,-26.98,-56.83,19.48,1.72
San Policarpo,100,PH,1563034330,88,12.18,125.51,24.68,3.35
San Rafael,0,AR,1563034334,47,-34.61,-68.33,10.38,0.54
Sao Filipe,60,CV,1563033930,82,14.9,-24.5,23.08,8.87
Saskylakh,85,RU,1563033949,63,71.97,114.09,12.58,3.51
Saurimo,0,AO,1563034387,30,-9.66,20.4,29.0,1.39
Scottsbluff,1,US,1563034351,46,41.87,-103.67,26.11,3.46
Sebastian,75,US,1563034227,74,27.82,-80.47,31.67,2.6
Segovia,0,ES,1563034329,23,40.95,-4.12,36.0,6.7
Sembakung,100,ID,1563034413,92,3.82,117.25,23.68,1.16
Seoul,1,KR,1563033900,100,37.57,126.98,22.0,0.5
Severo-Kurilsk,72,RU,1563033968,96,50.68,156.12,6.48,6.82
Shediac,90,CA,1563034341,88,46.22,-64.55,21.67,3.1
Shelburne,90,CA,1563034245,54,44.08,-80.2,27.78,2.6
Sibolga,0,ID,1563034337,67,1.74,98.78,28.88,0.65
Sidney,1,US,1563034367,47,40.28,-84.16,28.89,3.6
Silopi,40,IQ,1563034394,20,37.25,42.47,35.0,4.1
Sioux Lookout,20,CA,1563033895,56,50.1,-91.92,21.0,3.6
Sisimiut,100,GL,1563034420,87,66.94,-53.67,5.28,5.7
Sitka,0,US,1563033985,64,37.17,-99.65,27.22,1.34
Sivaki,99,RU,1563034299,89,52.63,126.75,17.08,1.61
Skibbereen,75,IE,1563034390,52,51.55,-9.27,21.0,2.6
Skjervoy,0,NO,1563034395,84,70.03,20.97,8.58,3.62
Sorong,100,ID,1563034371,85,-0.86,131.25,22.98,3.73
Sosnovo-Ozerskoye,73,RU,1563034427,74,52.53,111.54,16.18,2.48
Souillac,0,FR,1563034041,30,45.6,-0.6,33.89,4.6
Srednekolymsk,92,RU,1563034390,58,67.46,153.71,20.98,3.69
Staryy Nadym,69,RU,1563034381,53,65.61,72.68,17.58,3.23
Steamboat Springs,40,US,1563034119,59,40.48,-106.83,21.11,1.5
Strezhevoy,0,RU,1563034320,82,60.73,77.6,20.0,2.14
Stryn,0,NO,1563034392,70,61.9,6.72,15.56,2.68
Sur,10,OM,1563033987,64,22.57,59.53,29.88,8.97
Svetlogorsk,40,RU,1563034421,58,53.14,59.15,28.0,1.0
Syracuse,1,US,1563034178,64,43.05,-76.15,26.11,2.6
Tabou,100,CI,1563034380,88,4.42,-7.36,23.68,3.69
Tagusao,97,PH,1563034403,74,9.19,117.81,27.28,1.14
Taiyuan,0,CN,1563034300,56,37.86,112.56,23.0,1.0
Taksimo,0,RU,1563034255,72,56.36,114.84,11.18,3.05
Talaya,0,RU,1563034409,64,55.79,84.89,21.0,2.0
Talcahuano,75,CL,1563034373,87,-36.72,-73.12,12.0,2.6
Talikota,99,IN,1563034333,73,16.48,76.32,26.78,6.88
Talnakh,75,RU,1563033973,93,69.49,88.39,10.0,1.0
Taltal,70,CL,1563034407,52,-25.41,-70.49,16.88,2.61
Tamandare,14,BR,1563034310,90,-8.28,-70.75,26.18,1.11
Tarko-Sale,100,RU,1563034346,64,64.92,77.78,16.11,3.88
Tasiilaq,20,GL,1563033961,81,65.61,-37.64,6.0,4.6
Tautira,0,PF,1563034052,83,-17.73,-149.15,23.0,2.6
Tay Ninh,20,VN,1563034329,83,11.3,106.1,26.78,3.42
Teguise,20,ES,1563034240,57,29.06,-13.56,27.0,10.3
Tena,90,EC,1563034365,100,-0.99,-77.82,22.0,0.79
Terenos,0,BR,1563034432,32,-20.44,-54.87,29.0,5.7
Terrace,75,CA,1563033747,87,54.52,-128.61,15.0,3.1
Tevaitoa,2,PF,1563034346,81,-16.78,-151.5,24.78,2.14
Tezu,100,IN,1563034323,97,27.93,96.16,21.38,1.8
The Valley,20,AI,1563034182,62,18.22,-63.06,31.0,8.7
Thinadhoo,72,MV,1563034295,76,0.53,72.93,29.18,4.86
Thompson,90,CA,1563033938,68,55.74,-97.86,19.0,1.0
Tianpeng,44,CN,1563034421,91,28.88,112.34,20.98,1.45
Tiksi,96,RU,1563034053,67,71.64,128.87,7.38,4.74
Timra,29,SE,1563034301,34,62.49,17.33,19.0,4.6
Titlagarh,100,IN,1563034434,73,20.29,83.16,28.58,4.97
Todos Santos,5,MX,1563034363,61,23.45,-110.23,30.56,7.2
Tomohon,40,ID,1563034346,69,1.33,124.84,25.0,3.6
Tonantins,39,BR,1563034410,62,-2.86,-67.77,29.58,1.94
Torbay,75,CA,1563033956,67,47.66,-52.73,17.78,3.6
Touros,75,BR,1563033989,66,-5.2,-35.46,29.0,5.1
Traiguen,68,CL,1563034408,93,-38.25,-72.68,7.48,2.08
Trelew,100,AR,1563034213,49,-43.25,-65.31,10.28,8.42
Tres Arroyos,0,AR,1563034325,49,-38.38,-60.28,11.18,2.04
Tres Picos,97,MX,1563034046,84,16.23,-93.58,23.58,1.1
Trincomalee,100,LK,1563033984,68,8.58,81.23,27.58,2.4
Troy,40,US,1563034243,54,42.73,-73.69,27.22,3.1
Tual,77,ID,1563034388,78,-5.67,132.75,25.08,8.43
Tuatapere,100,NZ,1563033997,97,-46.13,167.69,7.78,0.89
Tuktoyaktuk,75,CA,1563033947,81,69.44,-133.03,10.0,2.6
Tumarbong,100,PH,1563034337,81,10.38,119.46,26.68,2.45
Tura,100,RU,1563034012,86,64.27,100.22,14.78,0.74
Turan,83,RU,1563034398,97,52.15,93.92,12.98,1.51
Tyubuk,64,RU,1563034390,28,56.05,60.94,29.44,3.58
Ucluelet,75,CA,1563034127,93,48.94,-125.55,16.67,1.5
Udachnyy,75,RU,1563034350,82,66.42,112.4,16.0,2.0
Udala,40,ES,1563034311,64,43.08,-2.51,25.0,5.1
Ulladulla,0,AU,1563034429,49,-35.36,150.48,8.89,3.6
Umm Lajj,0,SA,1563034079,68,25.02,37.27,31.18,3.8
Upernavik,100,GL,1563033972,80,72.79,-56.15,7.58,4.08
Urusha,94,RU,1563034366,73,54.05,122.9,19.18,0.2
Ushuaia,75,AR,1563033935,80,-54.81,-68.31,6.0,4.1
Usinsk,100,RU,1563034400,93,66.0,57.56,14.78,2.65
Uvat,0,RU,1563034370,62,59.14,68.9,27.58,2.92
Vaini,75,IN,1563033934,83,15.34,74.49,25.0,2.6
Vallenar,97,CL,1563034406,23,-28.58,-70.76,18.78,1.39
Valparaiso,40,US,1563034244,26,41.47,-87.06,31.11,4.1
Vanimo,2,PG,1563034077,71,-2.67,141.3,28.28,2.37
Vao,62,EE,1563034032,45,59.1,26.19,17.88,3.84
Vardo,1,US,1563033968,54,39.62,-77.74,29.44,2.6
Varhaug,20,NO,1563034367,72,58.61,5.65,15.56,8.7
Verkhnevilyuysk,81,RU,1563034327,97,63.45,120.31,17.98,2.54
Vestmanna,74,FO,1563034334,93,62.16,-7.17,12.0,5.7
Vestmannaeyjar,90,IS,1563033931,93,63.44,-20.27,13.0,4.1
Victor Harbor,40,AU,1563034292,62,-35.55,138.62,12.0,5.7
Victoria,75,BN,1563034044,83,5.28,115.24,26.0,3.1
Vila Franca do Campo,20,PT,1563034014,78,37.72,-25.43,24.0,6.7
Vila Velha,40,BR,1563034337,69,-3.71,-38.6,30.0,7.7
Volsk,100,RU,1563034315,64,52.04,47.39,22.58,2.17
Vysotsk,0,RU,1563034339,50,60.63,28.57,16.67,2.6
Wageningen,75,NL,1563034435,68,51.98,5.66,21.11,7.2
Waipawa,100,NZ,1563034361,69,-39.94,176.59,13.89,2.18
Wajir,75,KE,1563034409,36,1.75,40.07,33.0,4.1
Wanlaweyn,70,SO,1563034425,60,2.62,44.89,27.98,9.28
Wanning,75,AT,1563033947,88,48.64,13.53,18.89,6.7
Warkworth,100,NZ,1563034345,87,-36.4,174.66,14.44,4.6
Warrnambool,100,AU,1563034431,85,-38.38,142.48,7.78,2.68
Waverly,1,US,1563034363,51,37.04,-77.1,32.22,2.6
Weligama,0,LK,1563034408,79,5.97,80.42,28.48,4.21
West Richland,1,US,1563034336,44,46.3,-119.35,25.56,2.1
Westport,1,US,1563033824,65,41.14,-73.36,28.33,5.1
Wolgast,0,DE,1563034415,46,54.05,13.77,22.78,4.1
Worthington,1,US,1563034341,73,43.62,-95.6,26.67,2.1
Xichang,100,CN,1563034374,92,27.88,102.25,12.78,1.61
Xinqing,100,CN,1563034361,91,48.28,129.53,17.58,1.13
Xiongyue,0,CN,1563034414,84,40.18,122.12,23.88,2.67
Xiongzhou,0,CN,1563034421,94,32.34,118.83,22.22,1.0
Yaan,84,NG,1563034247,66,7.38,8.57,29.28,1.47
Yako,44,BF,1563034329,40,12.96,-2.26,34.08,4.16
Yamada,75,JP,1563034378,94,36.58,137.08,22.22,1.5
Yanai,75,JP,1563034435,94,33.97,132.12,21.0,1.0
Yarkovo,0,RU,1563034397,63,54.81,82.6,19.0,2.0
Yellowknife,20,CA,1563033960,54,62.45,-114.38,13.0,1.0
Yeniseysk,95,RU,1563034345,48,58.45,92.17,20.18,1.5
Yerbogachen,0,RU,1563034050,76,61.28,108.01,16.08,1.96
Yulara,0,AU,1563033988,61,-25.24,130.99,9.0,3.6
Zharkovskiy,72,RU,1563034401,46,55.85,32.27,18.18,1.35
Zhigansk,83,RU,1563034033,67,66.77,123.37,12.78,4.72
Zhuzhou,20,CN,1563034412,94,27.84,113.15,24.0,1.0
Zonguldak,20,TR,1563034403,47,41.25,31.83,24.0,3.6
